date_scraped,geography,tracker_name,tracker_url,estimated_vehicle_count,method_notes,confidence_notes
2025-12-22,Austin,Robotaxi Tracker (Ethan McKanna),https://robotaxitracker.com/,32,"Reverse-engineered Tesla Robotaxi app APIs; identified distinct Model Ys via plate/VIN spotting cross-referenced with app pings; polled ~10 locations across Austin every 5 minutes to measure availability","Figure cited via Electrek 2025-12-22 (""Tesla's Robotaxi project in Austin is much smaller than Musk claims""); article notes fewer than 10 vehicles observed operating simultaneously despite 32 total distinct vehicles identified; likely undercounts true total fleet since it only counts vehicles that surface in app pings"
2026-02-16,Austin,Robotaxi Tracker,https://robotaxitracker.com/vehicles?area=austin&provider=tesla,42,"App API polling + community plate spotting","Cited via Electrek 2026-02-16 (""8 months in, 19% availability""); same article reports 19% service availability over the prior 48 hours and ~200 vehicles total across Austin + Bay Area combined"
2026-05-13,Austin,Robotaxi Tracker,https://robotaxitracker.com/,27,"Community plate-spotting + app polling; site distinguishes 'unsupervised' count from total 'rider vehicles' and inactive/test-fleet Cybercabs","Cited via CleanTechnica 2026-05-13 (""Tesla is rolling out more unsupervised robotaxis""); same snapshot showed 48 total rider vehicles, 56 inactive, and 38 Cybercabs in the test fleet"
2026-05-13,Dallas,Robotaxi Tracker,https://robotaxitracker.com/vehicles?area=dallas&provider=tesla,5,"Same methodology as above","Cited via CleanTechnica 2026-05-13; small-sample count in a newly launched market, likely undercounts due to limited app-polling coverage"
2026-05-13,Houston,Robotaxi Tracker,https://robotaxitracker.com/vehicles?area=houston&provider=tesla,6,"Same methodology as above","Cited via CleanTechnica 2026-05-13"
2026-05-26,Austin,Robotaxi Tracker,https://robotaxitracker.com/,14,"Same methodology as above","Cited via Electrek 2026-05-26 (""Tesla Robotaxi fleet is actually shrinking, not growing""); part of a total unsupervised fleet of 20 across TX (Austin 14 + Dallas 3 + Houston 3); Tesla's total active ride-hailing fleet across ALL locations (incl. supervised Bay Area) fell to 34, down from 165 reported in late April 2026"
2026-05-26,Dallas,Robotaxi Tracker,https://robotaxitracker.com/,3,"Same methodology as above","Cited via Electrek 2026-05-26; down from 5 on 2026-05-13"
2026-05-26,Houston,Robotaxi Tracker,https://robotaxitracker.com/,3,"Same methodology as above","Cited via Electrek 2026-05-26; down from 6 on 2026-05-13"
2026-05-26,San Francisco Bay Area,Robotaxi Tracker,https://robotaxitracker.com/,9,"Same methodology as above","Cited via Electrek 2026-05-26; down sharply from 107 of a 165-vehicle total active fleet reported in late April 2026 -- one of the largest single swings recorded by any tracker snapshot in this dataset; unclear if this reflects a genuine fleet reduction or a change in what the tracker counts as 'active'"
2026-06-03,Austin,Robotaxi Tracker,https://robotaxitracker.com/,20,"Same methodology as above","Cited via CleanTechnica 2026-06-03, coinciding with the Austin-metro-wide geofence expansion announcement; up from 14 on 2026-05-26 but still down from 27 on 2026-05-13"
2026-07-22,Austin,Robotaxi Tracker,https://robotaxitracker.com/vehicles?area=austin&provider=tesla,34,"Directly fetched via WebFetch by this research. Site is JavaScript-rendered; only a pre-rendered/cached homepage summary was retrievable, not the live filterable vehicle table (the table itself showed 'Loading...' placeholders)","Homepage summary text at fetch time read: 34 total rider vehicles, 17 currently unsupervised, 42 Cybercabs in test fleet; 30 active in the past month, 71 inactive, 30 with no sighting in 30 days; a 7-day unsupervised-ride rate of 60% (3 of 5 rides) was also shown. This may be a cached/stale page state rather than a true live value -- cross-reference with the dated third-party citations above rather than treating as definitive for 2026-07-22"
2026-07-22,unknown/homepage-level (site claims Austin+Dallas+Houston+Bay Area coverage),Tesla Robotaxi Safety Tracker,https://robotaxi-safety-tracker.com/,72,"Site aggregates daily fleet-size figures scraped from robotaxitracker.com and combines them with NHTSA Standing General Order 2021-01 incident reports to compute a 'miles per incident' safety trend for Austin specifically; last stated page update 2026-02-04","Directly fetched via WebFetch 2026-07-22, but page content was explicitly labeled 'as of January 2026' with several fields showing redacted/placeholder ('--') values, indicating the page had not been fully refreshed since; treat the 72-vehicle Austin figure as dated to ~January 2026, not current as of the scrape date"
2026-07-22,San Francisco Bay Area,Tesla Robotaxi Safety Tracker (expansion tracker page),https://robotaxi-safety-tracker.com/expansion.html,168,"Same aggregation approach as above","Directly fetched via WebFetch 2026-07-22; page showed 'approximately 168 vehicles' for the Bay Area alongside 72 for Austin (240+ combined), attributed to a January 2026 snapshot; page also references Musk's Q4 2025 earnings-call claim of a combined Austin+Bay Area fleet 'well over 500' vehicles, which is notably higher than the tracker's own count"
2026-05-28,Texas (statewide: Austin + Dallas + Houston combined),Texas Autonomous Fleet Tracker (republishes official TxDMV SB 2807 registry),https://texasavtracker.pages.dev/,42,"Not a plate-spotting tracker -- republishes the official Texas DMV Automated Vehicle Registry created under new SB 2807 disclosure law (effective 2026-05-28); site built by X user @dallasteslaclub; claims to auto-refresh every 60 seconds from the state registry","Value obtained via TechCrunch 2026-05-28 coverage (direct WebFetch of texasavtracker.pages.dev returned only an unrendered 'Loading fleet history' placeholder since the site is JS-rendered). This is the closest thing to an official regulatory fleet count in this dataset, but it is Texas-statewide only and NOT broken out per city -- do not treat as Austin-, Dallas-, or Houston-specific. For comparison, Waymo's TX-statewide registered count was 577 on the same date"
2026-07-03,Texas (statewide: Austin + Dallas + Houston combined),Texas Autonomous Fleet Tracker / TxDMV registry (via Benzinga),https://texasavtracker.pages.dev/,175,"Same as above","Value cited by Benzinga 2026-07-03 (""Tesla's Robotaxi Land Grab: Miami Added, Texas Fleet Grows""), described as 'up by more than 100 in the past month'; could not independently re-verify the live figure via direct WebFetch due to the JS-rendering issue noted above"
2026-07-03,Miami,Field reports / license-plate spotting (no standalone persistent tracker site identified for Miami specifically as of this research),n/a,2,"Ad hoc journalist-compiled field reports and plate-spotting on launch day, not output of a standing tracker with a stable URL","Cited via Automotive World 2026-07-03 coverage of the Miami launch (""Tesla quietly rolls out limited robotaxi service in Miami""); grew to 3 vehicles within 48 hours per the same report; lowest-confidence entry in this dataset because the source is one-off reporting rather than a maintained tracker"
